ID,Автомобиль,Категория,Сумма,Дата
1,Car_13,Аренда,16312,2023-01-01
2,Car_17,Топливо,1167,2023-01-01
3,Car_8,Админ_расходы,756,2023-01-02
4,Car_2,Админ_расходы,563,2023-01-03
5,Car_5,Аренда,23434,2023-01-03
6,Car_15,Аренда,31211,2023-01-04
7,Car_12,Админ_расходы,652,2023-01-04
8,Car_11,Топливо,1253,2023-01-05
9,Car_11,Ремонт,4,2023-01-06
10,Car_2,Аренда,25806,2023-01-06
11,Car_3,Топливо,1956,2023-01-07
12,Car_12,Логистика,2325,2023-01-07
13,Car_5,Налоги,62,2023-01-08
14,Car_20,Амортизация,822,2023-01-08
15,Car_19,Топливо,1384,2023-01-08
16,Car_5,Налоги,62,2023-01-08
17,Car_17,Топливо,1382,2023-01-09
18,Car_17,Аренда,29646,2023-01-10
19,Car_15,Налоги,62,2023-01-10
20,Car_18,Штрафы,4086,2023-01-11
21,Car_12,Аренда,17525,2023-01-11
22,Car_17,Амортизация,822,2023-01-12
23,Car_6,Логистика,1329,2023-01-12
24,Car_2,Логистика,2148,2023-01-13
25,Car_8,Аренда,18528,2023-01-14
26,Car_18,Амортизация,822,2023-01-15
27,Car_15,Админ_расходы,980,2023-01-15
28,Car_8,Налоги,62,2023-01-15
29,Car_19,Логистика,2637,2023-01-16
30,Car_9,Топливо,1318,2023-01-16
31,Car_16,Амортизация,822,2023-01-17
32,Car_20,Топливо,940,2023-01-17
33,Car_10,Логистика,1562,2023-01-17
34,Car_1,Аренда,18826,2023-01-18
35,Car_7,Ремонт,62,2023-01-19
36,Car_8,Налоги,62,2023-01-19
37,Car_3,Налоги,62,2023-01-20
38,Car_9,Амортизация,822,2023-01-21
39,Car_9,Админ_расходы,911,2023-01-21
40,Car_7,Налоги,62,2023-01-22
41,Car_20,Логистика,2280,2023-01-22
42,Car_6,Ремонт,8,2023-01-23
43,Car_14,Налоги,62,2023-01-23
44,Car_18,Амортизация,822,2023-01-23
45,Car_12,Админ_расходы,1100,2023-01-23
46,Car_13,Топливо,1077,2023-01-24
47,Car_18,Налоги,62,2023-01-24
48,Car_5,Логистика,2212,2023-01-25
49,Car_9,Налоги,62,2023-01-25
50,Car_10,Налоги,62,2023-01-26
51,Car_3,Аренда,24704,2023-01-26
52,Car_20,Аренда,15244,2023-01-26
53,Car_20,Штрафы,4402,2023-01-27
54,Car_9,Штрафы,2280,2023-01-27
55,Car_19,Налоги,62,2023-01-27
56,Car_12,Налоги,62,2023-01-28
57,Car_1,Налоги,62,2023-01-29
58,Car_5,Аренда,18537,2023-01-30
59,Car_15,Амортизация,822,2023-01-30
60,Car_7,Топливо,1046,2023-01-31
61,Car_2,Налоги,62,2023-01-31
62,Car_5,Аренда,18436,2023-01-31
63,Car_12,Логистика,1297,2023-02-01
64,Car_11,Ремонт,7,2023-02-01
65,Car_10,Аренда,3518,2023-02-01
66,Car_1,Аренда,2769,2023-02-01
67,Car_8,Налоги,62,2023-02-02
68,Car_12,Топливо,1105,2023-02-02
69,Car_11,Аренда,2361,2023-02-02
70,Car_15,Аренда,3769,2023-02-02
71,Car_12,Логистика,2089,2023-02-03
72,Car_15,Админ_расходы,1117,2023-02-03
73,Car_9,Админ_расходы,553,2023-02-03
74,Car_5,Топливо,1678,2023-02-04
75,Car_19,Амортизация,822,2023-02-05
76,Car_11,Амортизация,822,2023-02-06
77,Car_2,Топливо,1690,2023-02-06
78,Car_15,Налоги,62,2023-02-06
79,Car_12,Амортизация,822,2023-02-07
80,Car_20,Админ_расходы,869,2023-02-07
81,Car_18,Аренда,3156,2023-02-08
82,Car_6,Аренда,2690,2023-02-08
83,Car_8,Админ_расходы,795,2023-02-09
84,Car_8,Топливо,1754,2023-02-09
85,Car_16,Амортизация,822,2023-02-10
86,Car_16,Аренда,3614,2023-02-10
87,Car_9,Топливо,1234,2023-02-11
88,Car_9,Топливо,1489,2023-02-11
89,Car_13,Админ_расходы,884,2023-02-11
90,Car_1,Логистика,2318,2023-02-14
91,Car_7,Топливо,1497,2023-02-14
92,Car_7,Админ_расходы,508,2023-02-14
93,Car_17,Логистика,1353,2023-02-16
94,Car_11,Налоги,62,2023-02-17
95,Car_8,Амортизация,822,2023-02-17
96,Car_3,Аренда,3047,2023-02-18
97,Car_12,Аренда,3583,2023-02-19
98,Car_2,Логистика,2511,2023-02-19
99,Car_11,Логистика,3220,2023-02-20
100,Car_6,Амортизация,822,2023-02-20
101,Car_11,Админ_расходы,826,2023-02-21
102,Car_4,Логистика,3025,2023-02-22
103,Car_2,Топливо,1603,2023-02-24
104,Car_11,Админ_расходы,606,2023-02-24
105,Car_7,Админ_расходы,910,2023-02-25
106,Car_12,Логистика,1925,2023-02-26
107,Car_9,Админ_расходы,1250,2023-02-26
108,Car_10,Логистика,2158,2023-02-27
109,Car_18,Налоги,62,2023-02-28
110,Car_5,Админ_расходы,901,2023-03-01
111,Car_1,Админ_расходы,728,2023-03-01
112,Car_17,Амортизация,822,2023-03-02
113,Car_5,Админ_расходы,660,2023-03-03
114,Car_13,Аренда,3371,2023-03-03
115,Car_18,Налоги,62,2023-03-03
116,Car_7,Топливо,783,2023-03-04
117,Car_17,Налоги,62,2023-03-04
118,Car_14,Налоги,62,2023-03-05
119,Car_4,Логистика,1863,2023-03-05
120,Car_1,Налоги,62,2023-03-07
121,Car_6,Топливо,1176,2023-03-07
122,Car_8,Амортизация,822,2023-03-07
123,Car_18,Налоги,62,2023-03-08
124,Car_12,Аренда,4086,2023-03-08
125,Car_3,Амортизация,822,2023-03-08
126,Car_13,Аренда,2533,2023-03-09
127,Car_16,Ремонт,22,2023-03-09
128,Car_13,Админ_расходы,582,2023-03-10
129,Car_12,Топливо,1325,2023-03-10
130,Car_20,Амортизация,822,2023-03-11
131,Car_18,Логистика,1736,2023-03-12
132,Car_18,Аренда,3217,2023-03-13
133,Car_9,Аренда,2417,2023-03-14
134,Car_1,Налоги,62,2023-03-14
135,Car_20,Амортизация,822,2023-03-15
136,Car_3,Амортизация,822,2023-03-15
137,Car_15,Амортизация,822,2023-03-16
138,Car_15,Топливо,1082,2023-03-16
139,Car_10,Амортизация,822,2023-03-17
140,Car_14,Амортизация,822,2023-03-17
141,Car_3,Логистика,1951,2023-03-17
142,Car_20,Амортизация,822,2023-03-18
143,Car_9,Админ_расходы,562,2023-03-18
144,Car_2,Налоги,62,2023-03-18
145,Car_10,Топливо,1245,2023-03-19
146,Car_1,Амортизация,822,2023-03-20
147,Car_14,Аренда,3179,2023-03-21
148,Car_6,Топливо,1114,2023-03-21
149,Car_13,Аренда,3003,2023-03-21
150,Car_4,Топливо,861,2023-03-21
151,Car_4,Аренда,3291,2023-03-22
152,Car_13,Админ_расходы,811,2023-03-22
153,Car_6,Логистика,2270,2023-03-23
154,Car_19,Админ_расходы,544,2023-03-23
155,Car_19,Аренда,2926,2023-03-23
156,Car_2,Амортизация,822,2023-03-23
157,Car_18,Аренда,3788,2023-03-24
158,Car_15,Топливо,1129,2023-03-24
159,Car_7,Логистика,1870,2023-03-25
160,Car_4,Админ_расходы,653,2023-03-25
161,Car_20,Аренда,2658,2023-03-26
162,Car_14,Админ_расходы,755,2023-03-26
163,Car_5,Амортизация,822,2023-03-27
164,Car_2,Амортизация,822,2023-03-28
165,Car_6,Админ_расходы,1150,2023-03-28
166,Car_7,Аренда,3436,2023-03-28
167,Car_13,Аренда,3244,2023-03-29
168,Car_18,Аренда,3578,2023-03-30
169,Car_4,Топливо,1515,2023-03-31
170,Car_20,Логистика,1513,2023-04-01
171,Car_9,Аренда,2612,2023-04-01
172,Car_17,Логистика,2104,2023-04-02
173,Car_9,Топливо,1317,2023-04-02
174,Car_8,Аренда,3042,2023-04-03
175,Car_8,Налоги,62,2023-04-03
176,Car_8,Топливо,1726,2023-04-03
177,Car_15,Топливо,1331,2023-04-03
178,Car_5,Логистика,1623,2023-04-04
179,Car_12,Топливо,1177,2023-04-04
180,Car_8,Топливо,1346,2023-04-04
181,Car_11,Топливо,1107,2023-04-05
182,Car_15,Налоги,62,2023-04-05
183,Car_5,Аренда,3712,2023-04-06
184,Car_8,Логистика,1601,2023-04-06
185,Car_17,Админ_расходы,771,2023-04-07
186,Car_8,Логистика,1569,2023-04-07
187,Car_9,Топливо,1155,2023-04-07
188,Car_13,Аренда,3523,2023-04-08
189,Car_16,Логистика,1463,2023-04-08
190,Car_15,Топливо,1538,2023-04-09
191,Car_18,Амортизация,822,2023-04-10
192,Car_20,Амортизация,822,2023-04-10
193,Car_20,Аренда,2400,2023-04-10
194,Car_12,Логистика,1840,2023-04-10
195,Car_7,Топливо,1462,2023-04-12
196,Car_13,Амортизация,822,2023-04-12
197,Car_8,Амортизация,822,2023-04-12
198,Car_14,Админ_расходы,468,2023-04-13
199,Car_12,Логистика,2091,2023-04-13
200,Car_11,Топливо,962,2023-04-13
201,Car_13,Ремонт,117,2023-04-13
202,Car_19,Админ_расходы,664,2023-04-14
203,Car_12,Аренда,3803,2023-04-14
204,Car_1,Логистика,1752,2023-04-14
205,Car_19,Админ_расходы,951,2023-04-15
206,Car_15,Топливо,1526,2023-04-15
207,Car_5,Админ_расходы,841,2023-04-15
208,Car_10,Аренда,3417,2023-04-16
209,Car_2,Топливо,2228,2023-04-17
210,Car_16,Аренда,3885,2023-04-17
211,Car_17,Амортизация,822,2023-04-18
212,Car_14,Топливо,1408,2023-04-18
213,Car_11,Логистика,2210,2023-04-18
214,Car_19,Админ_расходы,944,2023-04-18
215,Car_4,Админ_расходы,725,2023-04-19
216,Car_10,Амортизация,822,2023-04-21
217,Car_20,Топливо,847,2023-04-22
218,Car_3,Логистика,1890,2023-04-23
219,Car_2,Амортизация,822,2023-04-24
220,Car_18,Налоги,62,2023-04-24
221,Car_19,Топливо,1625,2023-04-24
222,Car_14,Налоги,62,2023-04-24
223,Car_6,Аренда,3096,2023-04-25
224,Car_17,Админ_расходы,1096,2023-04-26
225,Car_15,Налоги,62,2023-04-26
226,Car_13,Топливо,1374,2023-04-27
227,Car_15,Амортизация,822,2023-04-29
228,Car_15,Амортизация,822,2023-04-29
229,Car_11,Админ_расходы,1177,2023-04-29
230,Car_20,Аренда,3836,2023-04-30
231,Car_18,Налоги,62,2023-05-01
232,Car_13,Налоги,62,2023-05-01
233,Car_13,Амортизация,822,2023-05-02
234,Car_13,Налоги,62,2023-05-03
235,Car_10,Логистика,2264,2023-05-05
236,Car_4,Амортизация,822,2023-05-05
237,Car_7,Ремонт,2,2023-05-06
238,Car_20,Логистика,2073,2023-05-06
239,Car_4,Аренда,2569,2023-05-07
240,Car_14,Логистика,1554,2023-05-08
241,Car_10,Логистика,1465,2023-05-08
242,Car_13,Амортизация,822,2023-05-08
243,Car_9,Аренда,2078,2023-05-09
244,Car_4,Логистика,2065,2023-05-09
245,Car_11,Топливо,1297,2023-05-09
246,Car_16,Админ_расходы,595,2023-05-10
247,Car_18,Аренда,2798,2023-05-12
248,Car_3,Админ_расходы,859,2023-05-12
249,Car_19,Топливо,906,2023-05-13
250,Car_12,Топливо,1130,2023-05-13
251,Car_7,Амортизация,822,2023-05-13
252,Car_1,Топливо,2075,2023-05-14
253,Car_9,Админ_расходы,876,2023-05-14
254,Car_14,Амортизация,822,2023-05-15
255,Car_2,Топливо,1879,2023-05-15
256,Car_5,Ремонт,49,2023-05-16
257,Car_19,Аренда,3401,2023-05-16
258,Car_12,Логистика,1849,2023-05-17
259,Car_10,Налоги,62,2023-05-17
260,Car_19,Админ_расходы,845,2023-05-17
261,Car_7,Аренда,2822,2023-05-18
262,Car_20,Амортизация,822,2023-05-19
263,Car_15,Логистика,1523,2023-05-19
264,Car_15,Амортизация,822,2023-05-20
265,Car_9,Логистика,2442,2023-05-20
266,Car_18,Налоги,62,2023-05-21
267,Car_5,Налоги,62,2023-05-22
268,Car_11,Логистика,2635,2023-05-22
269,Car_5,Аренда,2707,2023-05-22
270,Car_9,Админ_расходы,248,2023-05-23
271,Car_16,Налоги,62,2023-05-23
272,Car_13,Налоги,62,2023-05-23
273,Car_18,Налоги,62,2023-05-24
274,Car_8,Амортизация,822,2023-05-24
275,Car_8,Аренда,3612,2023-05-25
276,Car_16,Налоги,62,2023-05-25
277,Car_14,Амортизация,822,2023-05-25
278,Car_16,Топливо,1661,2023-05-26
279,Car_5,Топливо,1153,2023-05-27
280,Car_5,Налоги,62,2023-05-27
281,Car_9,Аренда,3445,2023-05-30
282,Car_16,Аренда,2778,2023-05-30
283,Car_1,Аренда,3507,2023-05-30
284,Car_16,Логистика,2499,2023-05-31
285,Car_11,Амортизация,822,2023-05-31
286,Car_3,Топливо,1369,2023-06-01
287,Car_20,Аренда,2479,2023-06-01
288,Car_8,Логистика,2594,2023-06-01
289,Car_15,Админ_расходы,894,2023-06-02
290,Car_1,Логистика,1497,2023-06-02
291,Car_15,Амортизация,822,2023-06-02
292,Car_3,Топливо,1849,2023-06-03
293,Car_7,Топливо,1059,2023-06-03
294,Car_13,Админ_расходы,882,2023-06-04
295,Car_2,Логистика,1879,2023-06-04
296,Car_14,Амортизация,822,2023-06-04
297,Car_4,Аренда,1968,2023-06-05
298,Car_14,Налоги,62,2023-06-05
299,Car_17,Топливо,2052,2023-06-06
300,Car_8,Логистика,2194,2023-06-06
301,Car_14,Налоги,62,2023-06-06
302,Car_20,Аренда,3543,2023-06-07
303,Car_19,Админ_расходы,695,2023-06-07
304,Car_20,Амортизация,822,2023-06-07
305,Car_6,Аренда,2617,2023-06-07
306,Car_9,Логистика,2046,2023-06-08
307,Car_1,Логистика,2415,2023-06-08
308,Car_3,Топливо,1372,2023-06-09
309,Car_14,Амортизация,822,2023-06-10
310,Car_16,Аренда,3966,2023-06-11
311,Car_17,Логистика,2042,2023-06-11
312,Car_5,Логистика,2174,2023-06-12
313,Car_9,Аренда,3684,2023-06-13
314,Car_4,Налоги,62,2023-06-14
315,Car_2,Логистика,1741,2023-06-15
316,Car_12,Амортизация,822,2023-06-16
317,Car_15,Админ_расходы,848,2023-06-16
318,Car_20,Топливо,1339,2023-06-18
319,Car_4,Амортизация,822,2023-06-19
320,Car_12,Аренда,2979,2023-06-19
321,Car_9,Топливо,847,2023-06-19
322,Car_8,Админ_расходы,981,2023-06-19
323,Car_17,Аренда,2975,2023-06-20
324,Car_12,Амортизация,822,2023-06-20
325,Car_8,Налоги,62,2023-06-21
326,Car_10,Топливо,947,2023-06-21
327,Car_8,Амортизация,822,2023-06-22
328,Car_3,Логистика,703,2023-06-22
329,Car_6,Топливо,1906,2023-06-23
330,Car_10,Налоги,62,2023-06-24
331,Car_9,Топливо,1401,2023-06-25
332,Car_5,Топливо,1291,2023-06-25
333,Car_7,Админ_расходы,854,2023-06-26
334,Car_9,Админ_расходы,1180,2023-06-26
335,Car_19,Налоги,62,2023-06-26
336,Car_14,Аренда,3055,2023-06-27
337,Car_8,Аренда,3483,2023-06-29
338,Car_16,Топливо,2498,2023-06-29
339,Car_4,Ремонт,27,2023-06-30
340,Car_13,Ремонт,4,2023-07-02
341,Car_2,Аренда,3107,2023-07-02
342,Car_3,Логистика,2158,2023-07-03
343,Car_11,Топливо,2222,2023-07-03
344,Car_13,Админ_расходы,408,2023-07-04
345,Car_9,Аренда,3239,2023-07-05
346,Car_2,Логистика,2526,2023-07-06
347,Car_3,Налоги,62,2023-07-06
348,Car_12,Админ_расходы,728,2023-07-06
349,Car_11,Логистика,2116,2023-07-06
350,Car_7,Ремонт,71,2023-07-07
351,Car_1,Админ_расходы,557,2023-07-07
352,Car_20,Налоги,62,2023-07-07
353,Car_11,Админ_расходы,770,2023-07-09
354,Car_17,Топливо,1096,2023-07-09
355,Car_6,Логистика,1186,2023-07-09
356,Car_12,Амортизация,822,2023-07-10
357,Car_1,Админ_расходы,1054,2023-07-10
358,Car_4,Топливо,1432,2023-07-10
359,Car_3,Налоги,62,2023-07-10
360,Car_4,Ремонт,1,2023-07-11
361,Car_10,Налоги,62,2023-07-12
362,Car_18,Амортизация,822,2023-07-12
363,Car_15,Аренда,3393,2023-07-12
364,Car_9,Топливо,1399,2023-07-13
365,Car_20,Топливо,1112,2023-07-13
366,Car_16,Амортизация,822,2023-07-14
367,Car_5,Аренда,4465,2023-07-15
368,Car_13,Амортизация,822,2023-07-15
369,Car_19,Налоги,62,2023-07-15
370,Car_17,Аренда,2451,2023-07-16
371,Car_12,Налоги,62,2023-07-16
372,Car_3,Аренда,2656,2023-07-17
373,Car_18,Логистика,1857,2023-07-17
374,Car_19,Аренда,2744,2023-07-17
375,Car_17,Аренда,3339,2023-07-18
376,Car_19,Админ_расходы,853,2023-07-19
377,Car_12,Амортизация,822,2023-07-19
378,Car_11,Админ_расходы,1154,2023-07-19
379,Car_5,Топливо,1252,2023-07-19
380,Car_12,Амортизация,822,2023-07-20
381,Car_17,Налоги,62,2023-07-20
382,Car_6,Админ_расходы,1194,2023-07-21
383,Car_4,Амортизация,822,2023-07-21
384,Car_1,Амортизация,822,2023-07-22
385,Car_15,Налоги,62,2023-07-22
386,Car_11,Логистика,3358,2023-07-22
387,Car_14,Налоги,62,2023-07-23
388,Car_16,Админ_расходы,746,2023-07-24
389,Car_9,Логистика,1903,2023-07-24
390,Car_17,Топливо,1659,2023-07-24
391,Car_8,Налоги,62,2023-07-25
392,Car_6,Налоги,62,2023-07-25
393,Car_5,Аренда,3561,2023-07-25
394,Car_11,Налоги,62,2023-07-25
395,Car_3,Логистика,2723,2023-07-27
396,Car_3,Налоги,62,2023-07-27
397,Car_18,Логистика,2070,2023-07-27
398,Car_17,Логистика,2363,2023-07-27
399,Car_15,Аренда,3370,2023-07-28
400,Car_8,Логистика,2349,2023-07-29
401,Car_8,Админ_расходы,1036,2023-07-30
402,Car_11,Налоги,62,2023-07-31
403,Car_8,Налоги,62,2023-07-31
404,Car_13,Аренда,2733,2023-08-01
405,Car_2,Аренда,3136,2023-08-01
406,Car_2,Логистика,2304,2023-08-02
407,Car_17,Админ_расходы,705,2023-08-02
408,Car_13,Логистика,2314,2023-08-02
409,Car_2,Админ_расходы,481,2023-08-03
410,Car_7,Аренда,2727,2023-08-03
411,Car_7,Топливо,1014,2023-08-03
412,Car_19,Аренда,3255,2023-08-04
413,Car_17,Админ_расходы,196,2023-08-05
414,Car_15,Амортизация,822,2023-08-06
415,Car_4,Аренда,3216,2023-08-07
416,Car_2,Админ_расходы,735,2023-08-08
417,Car_11,Топливо,1275,2023-08-08
418,Car_18,Логистика,2442,2023-08-08
419,Car_18,Логистика,2105,2023-08-09
420,Car_9,Амортизация,822,2023-08-09
421,Car_11,Топливо,1324,2023-08-09
422,Car_18,Админ_расходы,636,2023-08-10
423,Car_19,Аренда,2143,2023-08-10
424,Car_12,Налоги,62,2023-08-11
425,Car_5,Топливо,1219,2023-08-11
426,Car_10,Админ_расходы,904,2023-08-11
427,Car_5,Топливо,1085,2023-08-12
428,Car_12,Налоги,62,2023-08-13
429,Car_9,Аренда,4286,2023-08-13
430,Car_5,Ремонт,22,2023-08-13
431,Car_9,Налоги,62,2023-08-14
432,Car_15,Логистика,1725,2023-08-14
433,Car_12,Топливо,1253,2023-08-14
434,Car_7,Топливо,1626,2023-08-15
435,Car_4,Админ_расходы,535,2023-08-15
436,Car_2,Логистика,2467,2023-08-15
437,Car_8,Амортизация,822,2023-08-17
438,Car_3,Аренда,2214,2023-08-18
439,Car_10,Амортизация,822,2023-08-18
440,Car_13,Аренда,3183,2023-08-18
441,Car_2,Амортизация,822,2023-08-19
442,Car_3,Админ_расходы,932,2023-08-20
443,Car_20,Логистика,1862,2023-08-20
444,Car_11,Топливо,1587,2023-08-20
445,Car_16,Админ_расходы,909,2023-08-21
446,Car_10,Налоги,62,2023-08-23
447,Car_15,Амортизация,822,2023-08-23
448,Car_1,Админ_расходы,542,2023-08-24
449,Car_12,Логистика,2941,2023-08-25
450,Car_11,Логистика,2393,2023-08-27
451,Car_8,Аренда,2288,2023-08-28
452,Car_9,Аренда,2690,2023-08-29
453,Car_5,Логистика,2010,2023-08-30
454,Car_15,Логистика,2115,2023-08-30
455,Car_9,Топливо,1326,2023-08-30
456,Car_10,Налоги,62,2023-08-31
457,Car_13,Налоги,62,2023-08-31
458,Car_13,Аренда,2826,2023-09-01
459,Car_8,Логистика,2561,2023-09-01
460,Car_15,Админ_расходы,904,2023-09-02
461,Car_9,Амортизация,822,2023-09-02
462,Car_2,Админ_расходы,769,2023-09-03
463,Car_14,Аренда,3481,2023-09-04
464,Car_18,Амортизация,822,2023-09-04
465,Car_10,Амортизация,822,2023-09-04
466,Car_13,Админ_расходы,837,2023-09-04
467,Car_3,Амортизация,822,2023-09-05
468,Car_6,Аренда,3637,2023-09-05
469,Car_1,Топливо,1800,2023-09-06
470,Car_16,Налоги,62,2023-09-06
471,Car_12,Налоги,62,2023-09-07
472,Car_5,Топливо,1826,2023-09-07
473,Car_18,Налоги,62,2023-09-07
474,Car_6,Амортизация,822,2023-09-07
475,Car_2,Топливо,1396,2023-09-08
476,Car_2,Админ_расходы,914,2023-09-09
477,Car_8,Аренда,3352,2023-09-09
478,Car_15,Амортизация,822,2023-09-10
479,Car_1,Налоги,62,2023-09-10
480,Car_7,Топливо,2080,2023-09-10
481,Car_20,Логистика,2281,2023-09-10
482,Car_9,Аренда,3357,2023-09-11
483,Car_10,Админ_расходы,550,2023-09-11
484,Car_5,Налоги,62,2023-09-12
485,Car_2,Налоги,62,2023-09-12
486,Car_7,Топливо,1273,2023-09-13
487,Car_3,Налоги,62,2023-09-14
488,Car_17,Админ_расходы,848,2023-09-14
489,Car_14,Топливо,1262,2023-09-15
490,Car_20,Аренда,3552,2023-09-15
491,Car_11,Топливо,1763,2023-09-17
492,Car_13,Топливо,1621,2023-09-17
493,Car_4,Аренда,3396,2023-09-18
494,Car_19,Логистика,1337,2023-09-21
495,Car_7,Амортизация,822,2023-09-21
496,Car_14,Топливо,1012,2023-09-21
497,Car_5,Топливо,1245,2023-09-22
498,Car_3,Админ_расходы,887,2023-09-22
499,Car_17,Админ_расходы,767,2023-09-23
500,Car_9,Топливо,1598,2023-09-23
501,Car_6,Аренда,2685,2023-09-23
502,Car_6,Аренда,3476,2023-09-24
503,Car_20,Налоги,62,2023-09-24
504,Car_19,Амортизация,822,2023-09-24
505,Car_19,Админ_расходы,583,2023-09-25
506,Car_13,Админ_расходы,1163,2023-09-25
507,Car_18,Амортизация,822,2023-09-26
508,Car_5,Топливо,1251,2023-09-26
509,Car_16,Налоги,62,2023-09-27
510,Car_4,Админ_расходы,615,2023-09-28
511,Car_16,Логистика,2127,2023-09-28
512,Car_8,Топливо,2381,2023-09-28
513,Car_15,Топливо,1419,2023-09-29
514,Car_5,Амортизация,822,2023-09-29
515,Car_1,Админ_расходы,338,2023-09-30
516,Car_2,Логистика,2079,2023-10-01
517,Car_7,Налоги,62,2023-10-02
518,Car_6,Топливо,1324,2023-10-02
519,Car_2,Налоги,62,2023-10-02
520,Car_9,Аренда,3652,2023-10-03
521,Car_3,Топливо,1978,2023-10-04
522,Car_13,Админ_расходы,988,2023-10-05
523,Car_1,Топливо,1167,2023-10-05
524,Car_4,Ремонт,51,2023-10-05
525,Car_8,Амортизация,822,2023-10-06
526,Car_1,Амортизация,822,2023-10-06
527,Car_2,Аренда,3225,2023-10-06
528,Car_19,Амортизация,822,2023-10-07
529,Car_1,Топливо,1314,2023-10-08
530,Car_19,Аренда,4113,2023-10-09
531,Car_6,Логистика,2020,2023-10-09
532,Car_13,Логистика,2122,2023-10-09
533,Car_12,Логистика,2693,2023-10-09
534,Car_2,Логистика,2506,2023-10-10
535,Car_19,Топливо,1585,2023-10-10
536,Car_19,Налоги,62,2023-10-11
537,Car_1,Топливо,1404,2023-10-11
538,Car_12,Топливо,1817,2023-10-12
539,Car_1,Аренда,2825,2023-10-13
540,Car_1,Амортизация,822,2023-10-13
541,Car_16,Топливо,2080,2023-10-14
542,Car_19,Амортизация,822,2023-10-14
543,Car_2,Амортизация,822,2023-10-15
544,Car_20,Амортизация,822,2023-10-16
545,Car_7,Админ_расходы,853,2023-10-16
546,Car_20,Аренда,2967,2023-10-17
547,Car_18,Админ_расходы,869,2023-10-17
548,Car_10,Топливо,1500,2023-10-17
549,Car_2,Амортизация,822,2023-10-17
550,Car_7,Налоги,62,2023-10-19
551,Car_3,Логистика,2401,2023-10-19
552,Car_6,Амортизация,822,2023-10-19
553,Car_11,Админ_расходы,1222,2023-10-20
554,Car_7,Налоги,62,2023-10-20
555,Car_15,Амортизация,822,2023-10-21
556,Car_9,Амортизация,822,2023-10-22
557,Car_3,Админ_расходы,1209,2023-10-22
558,Car_3,Амортизация,822,2023-10-22
559,Car_10,Топливо,1749,2023-10-23
560,Car_1,Логистика,1213,2023-10-23
561,Car_4,Налоги,62,2023-10-23
562,Car_2,Аренда,3643,2023-10-24
563,Car_4,Топливо,1697,2023-10-24
564,Car_15,Налоги,62,2023-10-24
565,Car_19,Логистика,1497,2023-10-24
566,Car_4,Админ_расходы,772,2023-10-26
567,Car_4,Топливо,1378,2023-10-28
568,Car_6,Логистика,2210,2023-10-28
569,Car_17,Ремонт,50,2023-10-29
570,Car_15,Админ_расходы,765,2023-10-29
571,Car_9,Налоги,62,2023-10-30
572,Car_19,Логистика,2132,2023-10-30
573,Car_13,Логистика,2530,2023-10-30
574,Car_20,Админ_расходы,902,2023-10-31
575,Car_1,Топливо,1624,2023-10-31
576,Car_18,Налоги,62,2023-10-31
577,Car_1,Налоги,62,2023-11-01
578,Car_13,Логистика,2236,2023-11-02
579,Car_14,Налоги,62,2023-11-02
580,Car_6,Топливо,2172,2023-11-03
581,Car_17,Топливо,1534,2023-11-03
582,Car_6,Налоги,62,2023-11-04
583,Car_7,Топливо,1560,2023-11-05
584,Car_11,Налоги,62,2023-11-06
585,Car_11,Аренда,2964,2023-11-07
586,Car_11,Ремонт,17,2023-11-07
587,Car_7,Аренда,2924,2023-11-08
588,Car_15,Топливо,1779,2023-11-08
589,Car_3,Амортизация,822,2023-11-08
590,Car_6,Ремонт,31,2023-11-08
591,Car_3,Аренда,3090,2023-11-10
592,Car_4,Аренда,4163,2023-11-10
593,Car_20,Логистика,1007,2023-11-11
594,Car_13,Админ_расходы,923,2023-11-12
595,Car_4,Амортизация,822,2023-11-13
596,Car_16,Топливо,1792,2023-11-14
597,Car_19,Аренда,3022,2023-11-15
598,Car_3,Админ_расходы,873,2023-11-15
599,Car_3,Амортизация,822,2023-11-16
600,Car_9,Аренда,3008,2023-11-17
601,Car_5,Админ_расходы,911,2023-11-18
602,Car_15,Логистика,1541,2023-11-18
603,Car_13,Топливо,1942,2023-11-18
604,Car_1,Амортизация,822,2023-11-20
605,Car_17,Амортизация,822,2023-11-20
606,Car_10,Налоги,62,2023-11-21
607,Car_11,Амортизация,822,2023-11-22
608,Car_7,Админ_расходы,637,2023-11-22
609,Car_15,Амортизация,822,2023-11-23
610,Car_8,Налоги,62,2023-11-23
611,Car_9,Админ_расходы,620,2023-11-24
612,Car_1,Налоги,62,2023-11-25
613,Car_10,Логистика,1566,2023-11-26
614,Car_17,Админ_расходы,1186,2023-11-27
615,Car_13,Аренда,3570,2023-11-27
616,Car_17,Админ_расходы,1022,2023-11-27
617,Car_1,Топливо,1825,2023-11-28
618,Car_3,Админ_расходы,864,2023-11-29
619,Car_11,Логистика,2318,2023-11-29
620,Car_9,Логистика,2179,2023-11-29
621,Car_1,Аренда,3365,2023-11-30
622,Car_9,Админ_расходы,868,2023-11-30
623,Car_14,Аренда,3351,2023-11-30
624,Car_15,Налоги,62,2023-12-01
625,Car_14,Амортизация,822,2023-12-02
626,Car_20,Топливо,843,2023-12-03
627,Car_17,Аренда,3610,2023-12-03
628,Car_10,Аренда,1642,2023-12-03
629,Car_19,Налоги,62,2023-12-04
630,Car_14,Логистика,2773,2023-12-04
631,Car_4,Налоги,62,2023-12-04
632,Car_20,Налоги,62,2023-12-05
633,Car_11,Логистика,2406,2023-12-05
634,Car_11,Ремонт,88,2023-12-05
635,Car_15,Логистика,3055,2023-12-05
636,Car_4,Логистика,2718,2023-12-06
637,Car_13,Амортизация,822,2023-12-07
638,Car_7,Логистика,895,2023-12-07
639,Car_20,Топливо,1288,2023-12-07
640,Car_9,Админ_расходы,1101,2023-12-07
641,Car_6,Аренда,2932,2023-12-08
642,Car_3,Аренда,2825,2023-12-08
643,Car_10,Аренда,3782,2023-12-08
644,Car_11,Амортизация,822,2023-12-09
645,Car_8,Логистика,1455,2023-12-10
646,Car_2,Амортизация,822,2023-12-10
647,Car_15,Логистика,2111,2023-12-10
648,Car_17,Логистика,2815,2023-12-11
649,Car_3,Амортизация,822,2023-12-11
650,Car_3,Амортизация,822,2023-12-11
651,Car_1,Амортизация,822,2023-12-12
652,Car_14,Аренда,4479,2023-12-13
653,Car_4,Админ_расходы,970,2023-12-14
654,Car_15,Админ_расходы,553,2023-12-14
655,Car_4,Логистика,1652,2023-12-14
656,Car_8,Топливо,1735,2023-12-15
657,Car_5,Админ_расходы,688,2023-12-15
658,Car_3,Админ_расходы,487,2023-12-15
659,Car_8,Админ_расходы,1084,2023-12-17
660,Car_7,Логистика,1665,2023-12-17
661,Car_8,Налоги,62,2023-12-17
662,Car_1,Амортизация,822,2023-12-17
663,Car_6,Логистика,2138,2023-12-18
664,Car_10,Налоги,62,2023-12-19
665,Car_13,Налоги,62,2023-12-19
666,Car_15,Логистика,1492,2023-12-20
667,Car_20,Налоги,62,2023-12-20
668,Car_19,Амортизация,822,2023-12-20
669,Car_16,Аренда,3062,2023-12-21
670,Car_3,Амортизация,822,2023-12-21
671,Car_6,Админ_расходы,924,2023-12-21
672,Car_4,Логистика,2664,2023-12-22
673,Car_15,Логистика,2536,2023-12-22
674,Car_16,Аренда,4267,2023-12-22
675,Car_10,Налоги,62,2023-12-22
676,Car_4,Аренда,3908,2023-12-23
677,Car_10,Аренда,3617,2023-12-24
678,Car_11,Топливо,1790,2023-12-24
679,Car_11,Амортизация,822,2023-12-25
680,Car_2,Админ_расходы,520,2023-12-25
681,Car_5,Админ_расходы,925,2023-12-25
682,Car_14,Налоги,62,2023-12-25
683,Car_11,Аренда,3663,2023-12-26
684,Car_18,Налоги,62,2023-12-26
685,Car_18,Логистика,2981,2023-12-26
686,Car_9,Амортизация,822,2023-12-26
687,Car_19,Топливо,1757,2023-12-27
688,Car_12,Амортизация,822,2023-12-28
689,Car_18,Админ_расходы,927,2023-12-28
690,Car_1,Админ_расходы,787,2023-12-28
691,Car_11,Админ_расходы,883,2023-12-29
692,Car_6,Налоги,62,2023-12-29
693,Car_13,Аренда,3438,2023-12-29
694,Car_5,Топливо,1873,2023-12-30
695,Car_11,Логистика,1898,2023-12-30
696,Car_8,Налоги,62,2023-12-31
697,Car_20,Логистика,2103,2023-12-31
698,Car_16,Амортизация,822,2023-12-31
699,Car_11,Админ_расходы,948,2023-12-31
700,Car_13,Налоги,62,2024-01-01
701,Car_15,Логистика,2315,2024-01-01
702,Car_9,Налоги,62,2024-01-01
703,Car_15,Админ_расходы,639,2024-01-02
704,Car_8,Админ_расходы,697,2024-01-03
705,Car_12,Топливо,1620,2024-01-03
706,Car_17,Логистика,1838,2024-01-03
707,Car_11,Ремонт,15,2024-01-04
708,Car_2,Налоги,62,2024-01-04
709,Car_18,Амортизация,822,2024-01-05
710,Car_10,Логистика,1872,2024-01-05
711,Car_3,Аренда,25504,2024-01-05
712,Car_8,Логистика,1149,2024-01-05
713,Car_11,Амортизация,822,2024-01-06
714,Car_8,Аренда,19838,2024-01-06
715,Car_10,Админ_расходы,517,2024-01-06
716,Car_13,Логистика,1350,2024-01-06
717,Car_2,Админ_расходы,866,2024-01-07
718,Car_5,Логистика,2092,2024-01-07
719,Car_17,Топливо,2917,2024-01-08
720,Car_10,Топливо,1479,2024-01-09
721,Car_2,Топливо,2189,2024-01-09
722,Car_13,Топливо,2494,2024-01-09
723,Car_17,Админ_расходы,963,2024-01-10
724,Car_10,Админ_расходы,1103,2024-01-10
725,Car_8,Штрафы,2852,2024-01-10
726,Car_13,Логистика,2179,2024-01-10
727,Car_7,Топливо,1729,2024-01-12
728,Car_8,Аренда,32719,2024-01-12
729,Car_17,Аренда,31172,2024-01-12
730,Car_13,Логистика,2037,2024-01-13
731,Car_6,Админ_расходы,542,2024-01-14
732,Car_2,Логистика,2145,2024-01-14
733,Car_6,Логистика,978,2024-01-15
734,Car_6,Амортизация,822,2024-01-15
735,Car_12,Топливо,1725,2024-01-16
736,Car_5,Амортизация,822,2024-01-16
737,Car_20,Топливо,2063,2024-01-16
738,Car_9,Админ_расходы,882,2024-01-17
739,Car_7,Админ_расходы,738,2024-01-17
740,Car_4,Аренда,24223,2024-01-17
741,Car_13,Топливо,1813,2024-01-18
742,Car_4,Топливо,1002,2024-01-18
743,Car_14,Логистика,1672,2024-01-18
744,Car_13,Админ_расходы,653,2024-01-19
745,Car_5,Топливо,1851,2024-01-19
746,Car_2,Амортизация,822,2024-01-19
747,Car_17,Амортизация,822,2024-01-20
748,Car_7,Аренда,31106,2024-01-20
749,Car_14,Амортизация,822,2024-01-21
750,Car_13,Налоги,62,2024-01-22
751,Car_16,Админ_расходы,556,2024-01-22
752,Car_20,Амортизация,822,2024-01-23
753,Car_1,Топливо,2246,2024-01-23
754,Car_9,Амортизация,822,2024-01-24
755,Car_15,Топливо,2084,2024-01-24
756,Car_16,Топливо,2123,2024-01-24
757,Car_8,Логистика,2112,2024-01-25
758,Car_11,Логистика,2243,2024-01-25
759,Car_19,Налоги,62,2024-01-26
760,Car_7,Налоги,62,2024-01-26
761,Car_17,Топливо,2043,2024-01-27
762,Car_8,Админ_расходы,576,2024-01-27
763,Car_6,Амортизация,822,2024-01-27
764,Car_6,Аренда,18656,2024-01-28
765,Car_17,Налоги,62,2024-01-28
766,Car_11,Логистика,2782,2024-01-29
767,Car_17,Аренда,28678,2024-01-29
768,Car_17,Амортизация,822,2024-01-29
769,Car_5,Налоги,62,2024-01-30
770,Car_17,Топливо,1516,2024-02-01
771,Car_4,Админ_расходы,1078,2024-02-01
772,Car_3,Амортизация,822,2024-02-01
773,Car_8,Логистика,1848,2024-02-01
774,Car_8,Логистика,1767,2024-02-02
775,Car_2,Налоги,62,2024-02-03
776,Car_10,Топливо,2018,2024-02-04
777,Car_20,Логистика,1602,2024-02-04
778,Car_5,Налоги,62,2024-02-05
779,Car_16,Топливо,1309,2024-02-05
780,Car_15,Налоги,62,2024-02-05
781,Car_12,Топливо,1200,2024-02-05
782,Car_4,Админ_расходы,1149,2024-02-06
783,Car_16,Топливо,2270,2024-02-07
784,Car_20,Топливо,1581,2024-02-07
785,Car_5,Амортизация,822,2024-02-08
786,Car_17,Налоги,62,2024-02-08
787,Car_12,Админ_расходы,882,2024-02-09
788,Car_4,Налоги,62,2024-02-09
789,Car_18,Аренда,3370,2024-02-09
790,Car_3,Логистика,2636,2024-02-09
791,Car_10,Топливо,2102,2024-02-10
792,Car_13,Аренда,2843,2024-02-10
793,Car_5,Логистика,2087,2024-02-11
794,Car_5,Топливо,1306,2024-02-11
795,Car_16,Ремонт,12,2024-02-11
796,Car_8,Админ_расходы,1216,2024-02-12
797,Car_9,Админ_расходы,787,2024-02-12
798,Car_15,Ремонт,3,2024-02-12
799,Car_1,Админ_расходы,585,2024-02-13
800,Car_10,Амортизация,822,2024-02-13
801,Car_10,Аренда,3347,2024-02-13
802,Car_15,Топливо,1580,2024-02-13
803,Car_17,Амортизация,822,2024-02-14
804,Car_13,Топливо,1985,2024-02-15
805,Car_6,Топливо,2082,2024-02-15
806,Car_14,Амортизация,822,2024-02-16
807,Car_15,Логистика,1880,2024-02-16
808,Car_15,Амортизация,822,2024-02-16
809,Car_13,Топливо,1240,2024-02-17
810,Car_6,Аренда,2873,2024-02-18
811,Car_17,Админ_расходы,698,2024-02-18
812,Car_6,Налоги,62,2024-02-18
813,Car_7,Логистика,1894,2024-02-19
814,Car_12,Админ_расходы,1110,2024-02-19
815,Car_17,Админ_расходы,814,2024-02-20
816,Car_18,Топливо,2577,2024-02-21
817,Car_5,Логистика,1647,2024-02-21
818,Car_4,Аренда,2721,2024-02-22
819,Car_11,Админ_расходы,864,2024-02-22
820,Car_7,Аренда,2014,2024-02-23
821,Car_16,Налоги,62,2024-02-24
822,Car_10,Амортизация,822,2024-02-25
823,Car_13,Админ_расходы,830,2024-02-27
824,Car_6,Логистика,2627,2024-02-28
825,Car_3,Ремонт,158,2024-02-29
826,Car_4,Админ_расходы,1102,2024-02-29
827,Car_5,Логистика,1654,2024-02-29
828,Car_6,Налоги,62,2024-02-29
829,Car_11,Аренда,4139,2024-03-01
830,Car_18,Топливо,1911,2024-03-02
831,Car_9,Топливо,2007,2024-03-03
832,Car_15,Аренда,2623,2024-03-03
833,Car_2,Аренда,2300,2024-03-04
834,Car_10,Амортизация,822,2024-03-04
835,Car_9,Топливо,1756,2024-03-05
836,Car_10,Налоги,62,2024-03-06
837,Car_11,Налоги,62,2024-03-06
838,Car_13,Админ_расходы,1131,2024-03-07
839,Car_17,Логистика,1513,2024-03-08
840,Car_10,Ремонт,1,2024-03-08
841,Car_17,Налоги,62,2024-03-08
842,Car_3,Аренда,2872,2024-03-09
843,Car_15,Логистика,2523,2024-03-09
844,Car_7,Амортизация,822,2024-03-10
845,Car_15,Админ_расходы,688,2024-03-11
846,Car_14,Админ_расходы,876,2024-03-11
847,Car_12,Аренда,3480,2024-03-12
848,Car_17,Логистика,2235,2024-03-12
849,Car_4,Аренда,2466,2024-03-12
850,Car_16,Амортизация,822,2024-03-12
851,Car_7,Аренда,3710,2024-03-13
852,Car_3,Админ_расходы,935,2024-03-14
853,Car_5,Налоги,62,2024-03-15
854,Car_20,Аренда,2998,2024-03-15
855,Car_2,Амортизация,822,2024-03-16
856,Car_16,Ремонт,1,2024-03-16
857,Car_13,Налоги,62,2024-03-16
858,Car_2,Аренда,2546,2024-03-16
859,Car_4,Топливо,1345,2024-03-17
860,Car_7,Налоги,62,2024-03-17
861,Car_19,Амортизация,822,2024-03-17
862,Car_20,Админ_расходы,712,2024-03-18
863,Car_11,Аренда,3379,2024-03-19
864,Car_4,Налоги,62,2024-03-19
865,Car_10,Амортизация,822,2024-03-19
866,Car_3,Топливо,778,2024-03-19
867,Car_19,Админ_расходы,1256,2024-03-20
868,Car_17,Логистика,1814,2024-03-21
869,Car_11,Логистика,2219,2024-03-21
870,Car_1,Налоги,62,2024-03-21
871,Car_4,Админ_расходы,933,2024-03-22
872,Car_12,Налоги,62,2024-03-22
873,Car_11,Логистика,2342,2024-03-23
874,Car_1,Аренда,3216,2024-03-23
875,Car_9,Амортизация,822,2024-03-24
876,Car_10,Админ_расходы,1015,2024-03-24
877,Car_11,Налоги,62,2024-03-24
878,Car_9,Логистика,2163,2024-03-24
879,Car_2,Админ_расходы,1182,2024-03-26
880,Car_10,Амортизация,822,2024-03-26
881,Car_14,Аренда,4302,2024-03-26
882,Car_14,Ремонт,49,2024-03-27
883,Car_4,Амортизация,822,2024-03-27
884,Car_16,Аренда,3664,2024-03-28
885,Car_4,Логистика,2319,2024-03-28
886,Car_13,Налоги,62,2024-03-29
887,Car_16,Налоги,62,2024-03-29
888,Car_14,Админ_расходы,1033,2024-03-30
889,Car_14,Аренда,2572,2024-03-30
890,Car_7,Амортизация,822,2024-03-30
891,Car_13,Налоги,62,2024-03-31
892,Car_20,Админ_расходы,976,2024-03-31
893,Car_11,Топливо,1990,2024-04-01
894,Car_3,Топливо,1378,2024-04-01
895,Car_8,Аренда,3362,2024-04-01
896,Car_20,Налоги,62,2024-04-02
897,Car_5,Топливо,2004,2024-04-02
898,Car_2,Аренда,3388,2024-04-02
899,Car_8,Админ_расходы,574,2024-04-03
900,Car_11,Админ_расходы,788,2024-04-04
901,Car_15,Амортизация,822,2024-04-04
902,Car_11,Аренда,3216,2024-04-04
903,Car_15,Топливо,1869,2024-04-04
904,Car_2,Аренда,3412,2024-04-05
905,Car_19,Топливо,2132,2024-04-06
906,Car_20,Топливо,1675,2024-04-06
907,Car_6,Налоги,62,2024-04-07
908,Car_13,Налоги,62,2024-04-07
909,Car_13,Аренда,3988,2024-04-07
910,Car_20,Админ_расходы,1009,2024-04-08
911,Car_19,Логистика,2175,2024-04-08
912,Car_20,Логистика,3277,2024-04-08
913,Car_7,Налоги,62,2024-04-09
914,Car_12,Админ_расходы,672,2024-04-09
915,Car_14,Налоги,62,2024-04-09
916,Car_10,Налоги,62,2024-04-09
917,Car_6,Топливо,1738,2024-04-10
918,Car_8,Налоги,62,2024-04-11
919,Car_20,Амортизация,822,2024-04-11
920,Car_15,Логистика,1650,2024-04-11
921,Car_19,Аренда,3897,2024-04-11
922,Car_14,Аренда,3061,2024-04-12
923,Car_20,Амортизация,822,2024-04-13
924,Car_11,Логистика,1922,2024-04-14
925,Car_17,Админ_расходы,349,2024-04-14
926,Car_9,Админ_расходы,564,2024-04-14
927,Car_13,Админ_расходы,954,2024-04-14
928,Car_19,Топливо,1174,2024-04-15
929,Car_14,Амортизация,822,2024-04-16
930,Car_3,Амортизация,822,2024-04-16
931,Car_17,Налоги,62,2024-04-16
932,Car_16,Амортизация,822,2024-04-16
933,Car_20,Аренда,3191,2024-04-17
934,Car_19,Амортизация,822,2024-04-17
935,Car_15,Аренда,3842,2024-04-18
936,Car_18,Амортизация,822,2024-04-20
937,Car_20,Топливо,1659,2024-04-20
938,Car_11,Амортизация,822,2024-04-20
939,Car_4,Топливо,1550,2024-04-21
940,Car_7,Амортизация,822,2024-04-21
941,Car_9,Аренда,2260,2024-04-22
942,Car_11,Налоги,62,2024-04-23
943,Car_14,Топливо,2684,2024-04-23
944,Car_3,Админ_расходы,735,2024-04-24
945,Car_5,Топливо,2316,2024-04-24
946,Car_7,Логистика,1836,2024-04-24
947,Car_13,Амортизация,822,2024-04-26
948,Car_6,Штрафы,2324,2024-04-26
949,Car_10,Топливо,1647,2024-04-27
950,Car_7,Топливо,1667,2024-04-28
951,Car_12,Админ_расходы,872,2024-04-28
952,Car_12,Амортизация,822,2024-04-30
953,Car_3,Админ_расходы,753,2024-05-01
954,Car_4,Топливо,1397,2024-05-02
955,Car_16,Админ_расходы,801,2024-05-03
956,Car_14,Админ_расходы,531,2024-05-03
957,Car_17,Топливо,2129,2024-05-04
958,Car_13,Амортизация,822,2024-05-04
959,Car_5,Админ_расходы,662,2024-05-04
960,Car_10,Налоги,62,2024-05-05
961,Car_7,Ремонт,28,2024-05-05
962,Car_15,Налоги,62,2024-05-05
963,Car_3,Амортизация,822,2024-05-06
964,Car_12,Админ_расходы,731,2024-05-06
965,Car_20,Админ_расходы,915,2024-05-07
966,Car_4,Налоги,62,2024-05-07
967,Car_3,Аренда,3861,2024-05-08
968,Car_16,Топливо,3093,2024-05-09
969,Car_14,Аренда,3616,2024-05-09
970,Car_17,Аренда,3570,2024-05-09
971,Car_16,Амортизация,822,2024-05-10
972,Car_6,Админ_расходы,756,2024-05-11
973,Car_5,Налоги,62,2024-05-11
974,Car_18,Амортизация,822,2024-05-11
975,Car_11,Амортизация,822,2024-05-12
976,Car_18,Налоги,62,2024-05-13
977,Car_19,Логистика,1849,2024-05-13
978,Car_8,Логистика,698,2024-05-13
979,Car_2,Логистика,2055,2024-05-14
980,Car_16,Логистика,2254,2024-05-14
981,Car_7,Амортизация,822,2024-05-15
982,Car_13,Аренда,2593,2024-05-15
983,Car_10,Админ_расходы,901,2024-05-15
984,Car_11,Налоги,62,2024-05-16
985,Car_3,Админ_расходы,667,2024-05-16
986,Car_14,Амортизация,822,2024-05-16
987,Car_1,Налоги,62,2024-05-17
988,Car_1,Налоги,62,2024-05-18
989,Car_20,Аренда,3735,2024-05-18
990,Car_17,Аренда,2848,2024-05-19
991,Car_3,Логистика,2212,2024-05-19
992,Car_6,Аренда,3906,2024-05-20
993,Car_13,Амортизация,822,2024-05-20
994,Car_8,Аренда,4361,2024-05-21
995,Car_9,Топливо,1299,2024-05-21
996,Car_11,Налоги,62,2024-05-22
997,Car_13,Налоги,62,2024-05-22
998,Car_18,Админ_расходы,599,2024-05-22
999,Car_1,Аренда,4689,2024-05-23
1000,Car_19,Админ_расходы,528,2024-05-23
1001,Car_9,Аренда,3264,2024-05-24
1002,Car_13,Топливо,1887,2024-05-24
1003,Car_16,Аренда,3736,2024-05-24
1004,Car_17,Админ_расходы,918,2024-05-25
1005,Car_18,Топливо,1732,2024-05-26
1006,Car_6,Налоги,62,2024-05-26
1007,Car_6,Амортизация,822,2024-05-26
1008,Car_11,Амортизация,822,2024-05-27
1009,Car_8,Налоги,62,2024-05-28
1010,Car_3,Топливо,1748,2024-05-28
1011,Car_20,Аренда,2869,2024-05-29
1012,Car_13,Налоги,62,2024-05-30
1013,Car_2,Топливо,2315,2024-05-30
1014,Car_19,Топливо,1405,2024-05-31
1015,Car_16,Амортизация,822,2024-05-31
1016,Car_19,Топливо,1476,2024-05-31
1017,Car_6,Аренда,4359,2024-06-02
1018,Car_11,Админ_расходы,555,2024-06-03
1019,Car_20,Аренда,3354,2024-06-03
1020,Car_9,Админ_расходы,1014,2024-06-03
1021,Car_17,Логистика,2302,2024-06-04
1022,Car_15,Налоги,62,2024-06-04
1023,Car_20,Аренда,4569,2024-06-04
1024,Car_18,Админ_расходы,504,2024-06-04
1025,Car_10,Аренда,3659,2024-06-05
1026,Car_14,Логистика,1818,2024-06-06
1027,Car_9,Амортизация,822,2024-06-06
1028,Car_11,Налоги,62,2024-06-06
1029,Car_5,Аренда,2304,2024-06-06
1030,Car_7,Логистика,1471,2024-06-07
1031,Car_7,Аренда,3203,2024-06-07
1032,Car_19,Аренда,3520,2024-06-07
1033,Car_17,Аренда,3959,2024-06-08
1034,Car_3,Ремонт,11,2024-06-09
1035,Car_20,Логистика,1378,2024-06-09
1036,Car_19,Амортизация,822,2024-06-10
1037,Car_15,Амортизация,822,2024-06-10
1038,Car_16,Логистика,2832,2024-06-10
1039,Car_3,Админ_расходы,881,2024-06-11
1040,Car_4,Админ_расходы,618,2024-06-11
1041,Car_19,Топливо,1842,2024-06-11
1042,Car_8,Налоги,62,2024-06-11
1043,Car_13,Аренда,3474,2024-06-12
1044,Car_4,Топливо,2024,2024-06-12
1045,Car_18,Админ_расходы,714,2024-06-13
1046,Car_17,Амортизация,822,2024-06-13
1047,Car_6,Аренда,3958,2024-06-14
1048,Car_8,Налоги,62,2024-06-14
1049,Car_16,Логистика,1371,2024-06-15
1050,Car_7,Топливо,1576,2024-06-15
1051,Car_8,Логистика,2084,2024-06-15
1052,Car_4,Налоги,62,2024-06-15
1053,Car_3,Амортизация,822,2024-06-16
1054,Car_13,Логистика,1969,2024-06-16
1055,Car_9,Налоги,62,2024-06-16
1056,Car_10,Аренда,3279,2024-06-17
1057,Car_17,Налоги,62,2024-06-17
1058,Car_5,Логистика,1078,2024-06-18
1059,Car_16,Аренда,2872,2024-06-18
1060,Car_18,Амортизация,822,2024-06-19
1061,Car_14,Ремонт,126,2024-06-19
1062,Car_15,Налоги,62,2024-06-20
1063,Car_15,Аренда,3850,2024-06-20
1064,Car_20,Топливо,1555,2024-06-21
1065,Car_13,Топливо,1377,2024-06-21
1066,Car_18,Амортизация,822,2024-06-21
1067,Car_7,Аренда,3361,2024-06-21
1068,Car_6,Амортизация,822,2024-06-22
1069,Car_8,Налоги,62,2024-06-22
1070,Car_2,Топливо,2410,2024-06-22
1071,Car_20,Аренда,3224,2024-06-23
1072,Car_3,Аренда,3575,2024-06-23
1073,Car_11,Топливо,2375,2024-06-24
1074,Car_2,Амортизация,822,2024-06-25
1075,Car_6,Топливо,1664,2024-06-25
1076,Car_20,Логистика,2011,2024-06-25
1077,Car_19,Топливо,1670,2024-06-26
1078,Car_10,Топливо,2862,2024-06-26
1079,Car_2,Топливо,2187,2024-06-26
1080,Car_2,Админ_расходы,1377,2024-06-26
1081,Car_6,Налоги,62,2024-06-27
1082,Car_11,Налоги,62,2024-06-29
1083,Car_2,Админ_расходы,953,2024-06-30
1084,Car_18,Ремонт,29,2024-06-30
1085,Car_17,Аренда,2518,2024-06-30
1086,Car_11,Админ_расходы,840,2024-06-30
1087,Car_19,Амортизация,822,2024-07-01
1088,Car_2,Ремонт,72,2024-07-01
1089,Car_10,Админ_расходы,637,2024-07-02
1090,Car_18,Налоги,62,2024-07-03
1091,Car_14,Топливо,2018,2024-07-03
1092,Car_19,Амортизация,822,2024-07-03
1093,Car_20,Логистика,1330,2024-07-04
1094,Car_3,Амортизация,822,2024-07-04
1095,Car_19,Топливо,1932,2024-07-04
1096,Car_2,Топливо,1495,2024-07-05
1097,Car_14,Админ_расходы,588,2024-07-05
1098,Car_15,Амортизация,822,2024-07-06
1099,Car_3,Логистика,1520,2024-07-07
1100,Car_2,Налоги,62,2024-07-07
1101,Car_18,Аренда,2658,2024-07-07
1102,Car_5,Топливо,1857,2024-07-08
1103,Car_12,Аренда,3321,2024-07-10
1104,Car_14,Аренда,3837,2024-07-10
1105,Car_17,Аренда,3585,2024-07-11
1106,Car_6,Налоги,62,2024-07-12
1107,Car_18,Амортизация,822,2024-07-12
1108,Car_13,Топливо,2288,2024-07-12
1109,Car_13,Админ_расходы,980,2024-07-13
1110,Car_5,Аренда,3907,2024-07-13
1111,Car_2,Админ_расходы,806,2024-07-13
1112,Car_16,Амортизация,822,2024-07-14
1113,Car_3,Админ_расходы,1058,2024-07-14
1114,Car_2,Топливо,2339,2024-07-15
1115,Car_18,Налоги,62,2024-07-15
1116,Car_7,Топливо,2567,2024-07-15
1117,Car_10,Админ_расходы,907,2024-07-17
1118,Car_17,Топливо,2118,2024-07-17
1119,Car_10,Налоги,62,2024-07-17
1120,Car_15,Амортизация,822,2024-07-18
1121,Car_17,Логистика,2054,2024-07-18
1122,Car_1,Налоги,62,2024-07-19
1123,Car_5,Логистика,2401,2024-07-20
1124,Car_11,Аренда,2920,2024-07-20
1125,Car_14,Логистика,1902,2024-07-21
1126,Car_1,Топливо,1878,2024-07-21
1127,Car_18,Логистика,1782,2024-07-21
1128,Car_10,Аренда,4236,2024-07-22
1129,Car_15,Налоги,62,2024-07-24
1130,Car_12,Топливо,1885,2024-07-24
1131,Car_5,Админ_расходы,402,2024-07-25
1132,Car_17,Логистика,2412,2024-07-26
1133,Car_3,Налоги,62,2024-07-26
1134,Car_17,Админ_расходы,891,2024-07-26
1135,Car_14,Амортизация,822,2024-07-26
1136,Car_16,Логистика,2656,2024-07-27
1137,Car_1,Топливо,2284,2024-07-27
1138,Car_20,Логистика,1094,2024-07-27
1139,Car_9,Амортизация,822,2024-07-28
1140,Car_4,Аренда,2805,2024-07-29
1141,Car_12,Топливо,827,2024-07-29
1142,Car_13,Амортизация,822,2024-07-29
1143,Car_10,Топливо,1465,2024-07-30
1144,Car_17,Амортизация,822,2024-07-30
1145,Car_14,Налоги,62,2024-07-31
1146,Car_12,Логистика,1410,2024-07-31
1147,Car_2,Логистика,2030,2024-07-31
1148,Car_12,Аренда,3555,2024-08-01
1149,Car_14,Амортизация,822,2024-08-01
1150,Car_4,Амортизация,822,2024-08-02
1151,Car_19,Логистика,2582,2024-08-03
1152,Car_20,Налоги,62,2024-08-04
1153,Car_11,Аренда,3291,2024-08-04
1154,Car_7,Налоги,62,2024-08-05
1155,Car_5,Налоги,62,2024-08-05
1156,Car_15,Логистика,2269,2024-08-05
1157,Car_5,Топливо,2262,2024-08-05
1158,Car_3,Аренда,3426,2024-08-06
1159,Car_8,Аренда,2318,2024-08-06
1160,Car_11,Амортизация,822,2024-08-06
1161,Car_10,Логистика,1561,2024-08-07
1162,Car_12,Админ_расходы,678,2024-08-07
1163,Car_19,Топливо,2051,2024-08-07
1164,Car_19,Ремонт,58,2024-08-08
1165,Car_6,Логистика,1923,2024-08-08
1166,Car_12,Топливо,1169,2024-08-09
1167,Car_20,Логистика,959,2024-08-10
1168,Car_4,Аренда,3418,2024-08-11
1169,Car_16,Амортизация,822,2024-08-11
1170,Car_18,Аренда,1991,2024-08-11
1171,Car_12,Амортизация,822,2024-08-12
1172,Car_6,Топливо,1718,2024-08-13
1173,Car_6,Аренда,3149,2024-08-14
1174,Car_18,Логистика,1117,2024-08-15
1175,Car_20,Логистика,2359,2024-08-16
1176,Car_10,Логистика,1732,2024-08-16
1177,Car_8,Амортизация,822,2024-08-16
1178,Car_7,Логистика,1916,2024-08-17
1179,Car_1,Аренда,3107,2024-08-17
1180,Car_18,Аренда,2309,2024-08-18
1181,Car_8,Аренда,3775,2024-08-18
1182,Car_12,Аренда,3460,2024-08-18
1183,Car_1,Админ_расходы,829,2024-08-19
1184,Car_10,Налоги,62,2024-08-19
1185,Car_5,Амортизация,822,2024-08-20
1186,Car_16,Топливо,1780,2024-08-21
1187,Car_13,Налоги,62,2024-08-22
1188,Car_13,Аренда,3360,2024-08-24
1189,Car_12,Ремонт,55,2024-08-25
1190,Car_9,Логистика,2472,2024-08-25
1191,Car_5,Аренда,3757,2024-08-26
1192,Car_13,Топливо,2257,2024-08-26
1193,Car_3,Админ_расходы,1042,2024-08-27
1194,Car_15,Логистика,1809,2024-08-27
1195,Car_4,Налоги,62,2024-08-27
1196,Car_16,Аренда,3123,2024-08-28
1197,Car_16,Амортизация,822,2024-08-28
1198,Car_4,Логистика,1847,2024-08-28
1199,Car_10,Топливо,1001,2024-08-29
1200,Car_20,Амортизация,822,2024-08-29
1201,Car_3,Аренда,3418,2024-08-29
1202,Car_2,Амортизация,822,2024-08-29
1203,Car_13,Админ_расходы,833,2024-08-30
1204,Car_14,Налоги,62,2024-08-30
1205,Car_7,Логистика,2209,2024-08-31
1206,Car_8,Аренда,3722,2024-09-01
1207,Car_19,Амортизация,822,2024-09-02
1208,Car_18,Логистика,2406,2024-09-03
1209,Car_9,Аренда,3613,2024-09-04
1210,Car_2,Топливо,2199,2024-09-04
1211,Car_13,Ремонт,13,2024-09-05
1212,Car_10,Топливо,1952,2024-09-05
1213,Car_7,Логистика,1421,2024-09-05
1214,Car_3,Амортизация,822,2024-09-06
1215,Car_10,Амортизация,822,2024-09-06
1216,Car_4,Топливо,2164,2024-09-07
1217,Car_2,Топливо,1409,2024-09-07
1218,Car_8,Админ_расходы,808,2024-09-08
1219,Car_15,Логистика,2720,2024-09-08
1220,Car_16,Налоги,62,2024-09-08
1221,Car_15,Аренда,4001,2024-09-09
1222,Car_4,Логистика,821,2024-09-10
1223,Car_4,Налоги,62,2024-09-10
1224,Car_17,Амортизация,822,2024-09-10
1225,Car_18,Админ_расходы,697,2024-09-11
1226,Car_4,Админ_расходы,737,2024-09-12
1227,Car_20,Админ_расходы,884,2024-09-12
1228,Car_16,Аренда,3398,2024-09-12
1229,Car_5,Аренда,1931,2024-09-12
1230,Car_19,Аренда,2623,2024-09-13
1231,Car_12,Админ_расходы,1028,2024-09-13
1232,Car_10,Логистика,1779,2024-09-14
1233,Car_10,Топливо,2968,2024-09-14
1234,Car_19,Аренда,3166,2024-09-14
1235,Car_14,Аренда,3294,2024-09-15
1236,Car_17,Аренда,3398,2024-09-15
1237,Car_20,Аренда,3318,2024-09-15
1238,Car_4,Ремонт,71,2024-09-16
1239,Car_1,Амортизация,822,2024-09-16
1240,Car_11,Топливо,2557,2024-09-16
1241,Car_16,Логистика,2011,2024-09-17
1242,Car_14,Админ_расходы,813,2024-09-17
1243,Car_5,Логистика,1684,2024-09-17
1244,Car_18,Админ_расходы,603,2024-09-18
1245,Car_1,Топливо,1602,2024-09-19
1246,Car_13,Налоги,62,2024-09-19
1247,Car_10,Аренда,2772,2024-09-19
1248,Car_13,Амортизация,822,2024-09-19
1249,Car_16,Админ_расходы,370,2024-09-21
1250,Car_6,Налоги,62,2024-09-21
1251,Car_13,Топливо,1657,2024-09-22
1252,Car_19,Топливо,2054,2024-09-24
1253,Car_7,Топливо,1811,2024-09-24
1254,Car_4,Амортизация,822,2024-09-24
1255,Car_5,Амортизация,822,2024-09-25
1256,Car_4,Логистика,1962,2024-09-26
1257,Car_14,Аренда,3276,2024-09-26
1258,Car_17,Топливо,1586,2024-09-26
1259,Car_9,Админ_расходы,788,2024-09-27
1260,Car_3,Амортизация,822,2024-09-27
1261,Car_19,Аренда,3259,2024-09-27
1262,Car_20,Топливо,2305,2024-09-28
1263,Car_10,Админ_расходы,653,2024-09-28
1264,Car_16,Амортизация,822,2024-09-28
1265,Car_18,Налоги,62,2024-09-29
1266,Car_7,Топливо,2315,2024-09-29
1267,Car_2,Админ_расходы,840,2024-09-29
1268,Car_14,Логистика,1695,2024-09-30
1269,Car_19,Налоги,62,2024-10-01
1270,Car_18,Аренда,4480,2024-10-01
1271,Car_4,Админ_расходы,485,2024-10-02
1272,Car_10,Амортизация,822,2024-10-03
1273,Car_12,Админ_расходы,536,2024-10-03
1274,Car_7,Амортизация,822,2024-10-04
1275,Car_2,Амортизация,822,2024-10-06
1276,Car_18,Амортизация,822,2024-10-06
1277,Car_18,Аренда,2518,2024-10-07
1278,Car_18,Логистика,1779,2024-10-07
1279,Car_19,Налоги,62,2024-10-08
1280,Car_12,Аренда,3185,2024-10-08
1281,Car_17,Админ_расходы,908,2024-10-09
1282,Car_10,Админ_расходы,730,2024-10-09
1283,Car_5,Логистика,1513,2024-10-09
1284,Car_3,Налоги,62,2024-10-10
1285,Car_4,Топливо,2148,2024-10-10
1286,Car_8,Логистика,1431,2024-10-11
1287,Car_8,Аренда,2875,2024-10-12
1288,Car_4,Амортизация,822,2024-10-12
1289,Car_14,Аренда,4162,2024-10-12
1290,Car_8,Топливо,1891,2024-10-12
1291,Car_17,Топливо,1941,2024-10-13
1292,Car_15,Налоги,62,2024-10-13
1293,Car_3,Налоги,62,2024-10-13
1294,Car_12,Логистика,1738,2024-10-14
1295,Car_13,Топливо,1969,2024-10-14
1296,Car_13,Логистика,1539,2024-10-14
1297,Car_1,Топливо,1894,2024-10-15
1298,Car_13,Налоги,62,2024-10-15
1299,Car_7,Аренда,4474,2024-10-16
1300,Car_2,Налоги,62,2024-10-16
1301,Car_11,Аренда,3954,2024-10-17
1302,Car_7,Аренда,2848,2024-10-17
1303,Car_20,Топливо,1793,2024-10-17
1304,Car_11,Амортизация,822,2024-10-18
1305,Car_14,Амортизация,822,2024-10-19
1306,Car_2,Логистика,1032,2024-10-20
1307,Car_20,Топливо,1828,2024-10-20
1308,Car_5,Топливо,1923,2024-10-21
1309,Car_20,Топливо,2506,2024-10-21
1310,Car_5,Амортизация,822,2024-10-21
1311,Car_10,Админ_расходы,881,2024-10-22
1312,Car_18,Админ_расходы,646,2024-10-22
1313,Car_1,Логистика,2039,2024-10-22
1314,Car_16,Налоги,62,2024-10-23
1315,Car_7,Аренда,3970,2024-10-24
1316,Car_13,Налоги,62,2024-10-25
1317,Car_16,Админ_расходы,718,2024-10-25
1318,Car_19,Топливо,1804,2024-10-25
1319,Car_3,Логистика,1379,2024-10-26
1320,Car_20,Налоги,62,2024-10-26
1321,Car_6,Ремонт,3,2024-10-27
1322,Car_18,Налоги,62,2024-10-28
1323,Car_1,Админ_расходы,590,2024-10-28
1324,Car_3,Налоги,62,2024-10-28
1325,Car_7,Топливо,2204,2024-10-29
1326,Car_3,Админ_расходы,969,2024-10-29
1327,Car_10,Ремонт,169,2024-10-31
1328,Car_17,Налоги,62,2024-10-31
1329,Car_5,Амортизация,822,2024-11-01
1330,Car_8,Аренда,3595,2024-11-02
1331,Car_1,Логистика,1578,2024-11-02
1332,Car_5,Налоги,62,2024-11-02
1333,Car_20,Админ_расходы,775,2024-11-02
1334,Car_11,Аренда,3944,2024-11-03
1335,Car_2,Амортизация,822,2024-11-03
1336,Car_8,Логистика,1244,2024-11-04
1337,Car_1,Аренда,2720,2024-11-04
1338,Car_8,Налоги,62,2024-11-04
1339,Car_20,Логистика,2618,2024-11-05
1340,Car_14,Админ_расходы,892,2024-11-05
1341,Car_15,Амортизация,822,2024-11-06
1342,Car_10,Аренда,4666,2024-11-07
1343,Car_5,Амортизация,822,2024-11-08
1344,Car_7,Админ_расходы,607,2024-11-08
1345,Car_16,Амортизация,822,2024-11-09
1346,Car_14,Аренда,3246,2024-11-09
1347,Car_9,Топливо,1651,2024-11-10
1348,Car_19,Топливо,2357,2024-11-11
1349,Car_5,Ремонт,6,2024-11-12
1350,Car_9,Аренда,2742,2024-11-12
1351,Car_1,Админ_расходы,571,2024-11-12
1352,Car_3,Амортизация,822,2024-11-13
1353,Car_6,Аренда,3660,2024-11-13
1354,Car_18,Админ_расходы,915,2024-11-14
1355,Car_20,Админ_расходы,1005,2024-11-14
1356,Car_17,Налоги,62,2024-11-15
1357,Car_1,Аренда,3441,2024-11-15
1358,Car_15,Налоги,62,2024-11-15
1359,Car_11,Логистика,1769,2024-11-16
1360,Car_12,Аренда,3634,2024-11-16
1361,Car_4,Логистика,1711,2024-11-17
1362,Car_8,Логистика,1590,2024-11-17
1363,Car_15,Логистика,2422,2024-11-17
1364,Car_15,Топливо,2286,2024-11-17
1365,Car_3,Аренда,3136,2024-11-18
1366,Car_1,Аренда,3231,2024-11-19
1367,Car_13,Топливо,2251,2024-11-20
1368,Car_3,Логистика,1735,2024-11-20
1369,Car_19,Амортизация,822,2024-11-21
1370,Car_11,Аренда,3120,2024-11-22
1371,Car_4,Логистика,2211,2024-11-22
1372,Car_19,Топливо,1203,2024-11-22
1373,Car_14,Топливо,1957,2024-11-23
1374,Car_14,Амортизация,822,2024-11-23
1375,Car_1,Налоги,62,2024-11-23
1376,Car_14,Админ_расходы,739,2024-11-25
1377,Car_12,Налоги,62,2024-11-25
1378,Car_5,Топливо,2075,2024-11-25
1379,Car_17,Аренда,2880,2024-11-26
1380,Car_13,Ремонт,12,2024-11-26
1381,Car_18,Амортизация,822,2024-11-26
1382,Car_15,Амортизация,822,2024-11-27
1383,Car_10,Аренда,3878,2024-11-28
1384,Car_15,Аренда,3176,2024-11-28
1385,Car_11,Амортизация,822,2024-11-28
1386,Car_6,Аренда,3860,2024-11-29
1387,Car_20,Ремонт,77,2024-11-29
1388,Car_4,Админ_расходы,844,2024-11-30
1389,Car_5,Админ_расходы,816,2024-12-02
1390,Car_9,Ремонт,20,2024-12-03
1391,Car_3,Амортизация,822,2024-12-04
1392,Car_4,Топливо,1912,2024-12-04
1393,Car_9,Ремонт,4,2024-12-05
1394,Car_12,Админ_расходы,799,2024-12-05
1395,Car_14,Аренда,3862,2024-12-05
1396,Car_11,Админ_расходы,1073,2024-12-06
1397,Car_6,Амортизация,822,2024-12-07
1398,Car_3,Аренда,2631,2024-12-07
1399,Car_4,Логистика,1897,2024-12-08
1400,Car_20,Амортизация,822,2024-12-08
1401,Car_18,Налоги,62,2024-12-09
1402,Car_8,Ремонт,1,2024-12-09
1403,Car_8,Логистика,1744,2024-12-09
1404,Car_19,Логистика,2317,2024-12-09
1405,Car_9,Топливо,2044,2024-12-10
1406,Car_19,Аренда,2910,2024-12-10
1407,Car_8,Аренда,2994,2024-12-10
1408,Car_5,Амортизация,822,2024-12-11
1409,Car_1,Налоги,62,2024-12-12
1410,Car_18,Ремонт,165,2024-12-12
1411,Car_7,Топливо,1292,2024-12-13
1412,Car_2,Топливо,1131,2024-12-14
1413,Car_6,Амортизация,822,2024-12-14
1414,Car_10,Топливо,2551,2024-12-15
1415,Car_6,Амортизация,822,2024-12-16
1416,Car_16,Админ_расходы,911,2024-12-16
1417,Car_18,Топливо,1746,2024-12-17
1418,Car_9,Админ_расходы,1221,2024-12-17
1419,Car_16,Логистика,1960,2024-12-17
1420,Car_19,Налоги,62,2024-12-18
1421,Car_7,Топливо,2117,2024-12-19
1422,Car_11,Топливо,1627,2024-12-19
1423,Car_4,Аренда,2917,2024-12-20
1424,Car_9,Ремонт,35,2024-12-20
1425,Car_3,Амортизация,822,2024-12-21
1426,Car_4,Налоги,62,2024-12-21
1427,Car_14,Аренда,2962,2024-12-21
1428,Car_10,Топливо,1767,2024-12-21
1429,Car_2,Амортизация,822,2024-12-22
1430,Car_19,Логистика,1696,2024-12-22
1431,Car_3,Ремонт,73,2024-12-23
1432,Car_18,Топливо,2154,2024-12-23
1433,Car_1,Аренда,3371,2024-12-24
1434,Car_14,Амортизация,822,2024-12-26
1435,Car_5,Топливо,1362,2024-12-26
1436,Car_1,Админ_расходы,1017,2024-12-26
1437,Car_14,Аренда,3431,2024-12-27
1438,Car_11,Админ_расходы,871,2024-12-27
1439,Car_2,Логистика,2361,2024-12-28
1440,Car_5,Аренда,3479,2024-12-29
1441,Car_20,Админ_расходы,907,2024-12-29
1442,Car_2,Топливо,2209,2024-12-30
1443,Car_6,Топливо,2216,2024-12-31
1444,Car_19,Аренда,2868,2024-12-31
1445,Car_13,Налоги,62,2024-12-31
1446,Car_12,Логистика,1605,2024-12-31
1447,Car_7,Аренда,21049,2025-01-01
1448,Car_5,Логистика,2313,2025-01-02
1449,Car_10,Админ_расходы,880,2025-01-03
1450,Car_14,Логистика,1882,2025-01-04
1451,Car_12,Топливо,1996,2025-01-05
1452,Car_18,Админ_расходы,774,2025-01-05
1453,Car_17,Админ_расходы,615,2025-01-06
1454,Car_10,Логистика,1421,2025-01-06
1455,Car_18,Топливо,1655,2025-01-06
1456,Car_18,Аренда,19756,2025-01-07
1457,Car_14,Админ_расходы,1072,2025-01-07
1458,Car_17,Админ_расходы,805,2025-01-07
1459,Car_11,Топливо,2533,2025-01-08
1460,Car_19,Аренда,16342,2025-01-09
1461,Car_9,Топливо,1700,2025-01-10
1462,Car_17,Налоги,62,2025-01-10
1463,Car_6,Налоги,62,2025-01-11
1464,Car_11,Налоги,62,2025-01-11
1465,Car_17,Логистика,1845,2025-01-12
1466,Car_7,Логистика,1814,2025-01-12
1467,Car_12,Налоги,62,2025-01-12
1468,Car_17,Аренда,33967,2025-01-12
1469,Car_16,Топливо,2057,2025-01-13
1470,Car_20,Топливо,1612,2025-01-13
1471,Car_2,Топливо,2533,2025-01-13
1472,Car_1,Админ_расходы,716,2025-01-13
1473,Car_5,Амортизация,822,2025-01-14
1474,Car_2,Админ_расходы,861,2025-01-15
1475,Car_10,Логистика,1876,2025-01-16
1476,Car_17,Амортизация,822,2025-01-16
1477,Car_4,Логистика,2787,2025-01-17
1478,Car_20,Ремонт,188,2025-01-17
1479,Car_19,Амортизация,822,2025-01-18
1480,Car_3,Налоги,62,2025-01-18
1481,Car_11,Админ_расходы,857,2025-01-19
1482,Car_11,Аренда,26494,2025-01-19
1483,Car_18,Налоги,62,2025-01-20
1484,Car_6,Админ_расходы,1063,2025-01-21
1485,Car_19,Налоги,62,2025-01-22
1486,Car_2,Налоги,62,2025-01-22
1487,Car_8,Аренда,22748,2025-01-22
1488,Car_10,Налоги,62,2025-01-23
1489,Car_9,Налоги,62,2025-01-23
1490,Car_7,Амортизация,822,2025-01-24
1491,Car_11,Админ_расходы,704,2025-01-24
1492,Car_10,Налоги,62,2025-01-25
1493,Car_19,Логистика,1862,2025-01-26
1494,Car_12,Логистика,2134,2025-01-26
1495,Car_18,Админ_расходы,527,2025-01-26
1496,Car_8,Топливо,1866,2025-01-27
1497,Car_19,Налоги,62,2025-01-27
1498,Car_18,Топливо,1373,2025-01-28
1499,Car_11,Админ_расходы,736,2025-01-29
1500,Car_6,Амортизация,822,2025-01-30
1501,Car_14,Налоги,62,2025-01-30
1502,Car_2,Админ_расходы,532,2025-01-31
1503,Car_7,Амортизация,822,2025-01-31
1504,Car_14,Амортизация,822,2025-02-01
1505,Car_19,Логистика,2216,2025-02-01
1506,Car_6,Налоги,62,2025-02-01
1507,Car_18,Логистика,2497,2025-02-01
1508,Car_8,Админ_расходы,1075,2025-02-02
1509,Car_15,Налоги,62,2025-02-02
1510,Car_1,Ремонт,80,2025-02-03
1511,Car_2,Налоги,62,2025-02-03
1512,Car_10,Налоги,62,2025-02-04
1513,Car_20,Аренда,3742,2025-02-04
1514,Car_18,Амортизация,822,2025-02-05
1515,Car_13,Аренда,2482,2025-02-06
1516,Car_5,Топливо,1985,2025-02-06
1517,Car_2,Амортизация,822,2025-02-07
1518,Car_7,Админ_расходы,595,2025-02-08
1519,Car_2,Админ_расходы,725,2025-02-08
1520,Car_7,Штрафы,15300,2025-02-08
1521,Car_7,Амортизация,822,2025-02-09
1522,Car_5,Налоги,62,2025-02-10
1523,Car_12,Админ_расходы,865,2025-02-10
1524,Car_19,Логистика,1960,2025-02-10
1525,Car_11,Логистика,2832,2025-02-10
1526,Car_19,Налоги,62,2025-02-11
1527,Car_15,Амортизация,822,2025-02-12
1528,Car_1,Логистика,2002,2025-02-12
1529,Car_6,Налоги,62,2025-02-12
1530,Car_2,Топливо,2633,2025-02-13
1531,Car_5,Амортизация,822,2025-02-14
1532,Car_1,Админ_расходы,765,2025-02-14
1533,Car_13,Налоги,62,2025-02-14
1534,Car_1,Налоги,62,2025-02-15
1535,Car_20,Топливо,1605,2025-02-15
1536,Car_17,Амортизация,822,2025-02-15
1537,Car_8,Топливо,1897,2025-02-15
1538,Car_2,Топливо,1939,2025-02-16
1539,Car_7,Админ_расходы,594,2025-02-16
1540,Car_20,Ремонт,87,2025-02-17
1541,Car_11,Логистика,2416,2025-02-18
1542,Car_8,Админ_расходы,1106,2025-02-18
1543,Car_8,Амортизация,822,2025-02-19
1544,Car_5,Налоги,62,2025-02-19
1545,Car_12,Админ_расходы,878,2025-02-20
1546,Car_20,Амортизация,822,2025-02-20
1547,Car_16,Аренда,2176,2025-02-20
1548,Car_15,Амортизация,822,2025-02-23
1549,Car_9,Налоги,62,2025-02-23
1550,Car_17,Топливо,2417,2025-02-24
1551,Car_14,Админ_расходы,1156,2025-02-25
1552,Car_8,Топливо,2196,2025-02-25
1553,Car_12,Логистика,1320,2025-02-25
1554,Car_11,Админ_расходы,653,2025-02-26
1555,Car_11,Логистика,1929,2025-02-26
1556,Car_7,Штрафы,12991,2025-02-27
1557,Car_4,Топливо,2356,2025-02-28
1558,Car_12,Топливо,2929,2025-03-01
1559,Car_15,Админ_расходы,940,2025-03-01
1560,Car_8,Админ_расходы,557,2025-03-01
1561,Car_16,Амортизация,822,2025-03-02
1562,Car_13,Админ_расходы,891,2025-03-02
1563,Car_13,Админ_расходы,1009,2025-03-02
1564,Car_15,Админ_расходы,1072,2025-03-02
1565,Car_6,Логистика,2812,2025-03-03
1566,Car_5,Админ_расходы,877,2025-03-03
1567,Car_18,Амортизация,822,2025-03-03
1568,Car_8,Топливо,2097,2025-03-04
1569,Car_16,Логистика,2561,2025-03-05
1570,Car_17,Логистика,1907,2025-03-05
1571,Car_16,Налоги,62,2025-03-06
1572,Car_8,Амортизация,822,2025-03-06
1573,Car_9,Штрафы,2085,2025-03-07
1574,Car_12,Админ_расходы,546,2025-03-07
1575,Car_12,Налоги,62,2025-03-09
1576,Car_20,Налоги,62,2025-03-09
1577,Car_6,Логистика,1411,2025-03-10
1578,Car_18,Логистика,1890,2025-03-10
1579,Car_20,Амортизация,822,2025-03-11
1580,Car_20,Аренда,4074,2025-03-11
1581,Car_8,Налоги,62,2025-03-12
1582,Car_20,Налоги,62,2025-03-12
1583,Car_14,Админ_расходы,586,2025-03-12
1584,Car_14,Логистика,2226,2025-03-13
1585,Car_12,Логистика,1395,2025-03-14
1586,Car_12,Амортизация,822,2025-03-14
1587,Car_10,Налоги,62,2025-03-15
1588,Car_18,Аренда,3030,2025-03-16
1589,Car_10,Налоги,62,2025-03-16
1590,Car_6,Амортизация,822,2025-03-16
1591,Car_9,Амортизация,822,2025-03-17
1592,Car_17,Логистика,2815,2025-03-17
1593,Car_19,Налоги,62,2025-03-18
1594,Car_18,Аренда,3625,2025-03-18
1595,Car_19,Логистика,2323,2025-03-18
1596,Car_16,Налоги,62,2025-03-18
1597,Car_17,Топливо,2357,2025-03-19
1598,Car_12,Аренда,3048,2025-03-19
1599,Car_1,Топливо,1753,2025-03-19
1600,Car_7,Админ_расходы,910,2025-03-20
1601,Car_7,Топливо,1957,2025-03-20
1602,Car_16,Топливо,2162,2025-03-22
1603,Car_13,Админ_расходы,891,2025-03-22
1604,Car_2,Админ_расходы,662,2025-03-22
1605,Car_2,Аренда,3092,2025-03-22
1606,Car_7,Аренда,3620,2025-03-23
1607,Car_19,Админ_расходы,890,2025-03-23
1608,Car_6,Логистика,2096,2025-03-23
1609,Car_11,Логистика,2599,2025-03-23
1610,Car_7,Топливо,2431,2025-03-24
1611,Car_11,Админ_расходы,565,2025-03-24
1612,Car_17,Топливо,2012,2025-03-25
1613,Car_1,Налоги,62,2025-03-26
1614,Car_11,Топливо,1789,2025-03-26
1615,Car_20,Налоги,62,2025-03-27
1616,Car_9,Амортизация,822,2025-03-28
1617,Car_17,Админ_расходы,401,2025-03-28
1618,Car_4,Аренда,3609,2025-03-29
1619,Car_2,Админ_расходы,991,2025-03-29
1620,Car_20,Аренда,2281,2025-03-30
1621,Car_4,Топливо,2812,2025-04-01
1622,Car_14,Логистика,2333,2025-04-01
1623,Car_3,Топливо,2334,2025-04-01
1624,Car_19,Топливо,1332,2025-04-01
1625,Car_13,Топливо,2613,2025-04-02
1626,Car_13,Налоги,62,2025-04-03
1627,Car_14,Логистика,2455,2025-04-04
1628,Car_3,Логистика,2763,2025-04-05
1629,Car_11,Топливо,3162,2025-04-06
1630,Car_20,Логистика,995,2025-04-06
1631,Car_12,Налоги,62,2025-04-07
1632,Car_13,Аренда,3161,2025-04-07
1633,Car_1,Амортизация,822,2025-04-08
1634,Car_18,Амортизация,822,2025-04-08
1635,Car_7,Админ_расходы,589,2025-04-11
1636,Car_9,Логистика,1279,2025-04-13
1637,Car_15,Налоги,62,2025-04-13
1638,Car_11,Админ_расходы,930,2025-04-13
1639,Car_3,Логистика,1700,2025-04-14
1640,Car_18,Ремонт,74,2025-04-15
1641,Car_20,Топливо,2008,2025-04-15
1642,Car_2,Налоги,62,2025-04-15
1643,Car_7,Амортизация,822,2025-04-16
1644,Car_10,Аренда,3100,2025-04-16
1645,Car_4,Админ_расходы,696,2025-04-17
1646,Car_12,Амортизация,822,2025-04-17
1647,Car_18,Топливо,2212,2025-04-18
1648,Car_13,Логистика,1566,2025-04-18
1649,Car_13,Логистика,2287,2025-04-18
1650,Car_19,Налоги,62,2025-04-19
1651,Car_11,Аренда,3281,2025-04-19
1652,Car_5,Топливо,2306,2025-04-19
1653,Car_10,Налоги,62,2025-04-20
1654,Car_10,Амортизация,822,2025-04-20
1655,Car_12,Админ_расходы,384,2025-04-20
1656,Car_10,Амортизация,822,2025-04-20
1657,Car_10,Логистика,1564,2025-04-21
1658,Car_7,Админ_расходы,501,2025-04-21
1659,Car_2,Амортизация,822,2025-04-21
1660,Car_1,Топливо,1662,2025-04-22
1661,Car_7,Топливо,2392,2025-04-23
1662,Car_7,Логистика,1599,2025-04-24
1663,Car_5,Логистика,1864,2025-04-24
1664,Car_17,Логистика,2617,2025-04-24
1665,Car_8,Аренда,4151,2025-04-25
1666,Car_15,Штрафы,550,2025-04-25
1667,Car_4,Аренда,3585,2025-04-26
1668,Car_4,Аренда,4125,2025-04-26
1669,Car_10,Топливо,2725,2025-04-27
1670,Car_3,Топливо,1854,2025-04-28
1671,Car_9,Админ_расходы,868,2025-04-29
1672,Car_7,Логистика,2128,2025-04-29
1673,Car_1,Налоги,62,2025-04-29
1674,Car_6,Аренда,4188,2025-04-30
1675,Car_2,Топливо,2731,2025-04-30
1676,Car_4,Амортизация,822,2025-05-01
1677,Car_12,Логистика,1785,2025-05-02
1678,Car_5,Аренда,3738,2025-05-02
1679,Car_1,Админ_расходы,703,2025-05-02
1680,Car_10,Амортизация,822,2025-05-03
1681,Car_20,Топливо,2798,2025-05-03
1682,Car_13,Топливо,1994,2025-05-03
1683,Car_16,Аренда,4021,2025-05-04
1684,Car_11,Топливо,2188,2025-05-04
1685,Car_3,Аренда,3538,2025-05-04
1686,Car_17,Админ_расходы,544,2025-05-05
1687,Car_6,Амортизация,822,2025-05-05
1688,Car_17,Налоги,62,2025-05-05
1689,Car_16,Топливо,2082,2025-05-06
1690,Car_2,Аренда,3544,2025-05-06
1691,Car_3,Топливо,1799,2025-05-06
1692,Car_12,Ремонт,31,2025-05-06
1693,Car_12,Топливо,2526,2025-05-07
1694,Car_8,Логистика,1834,2025-05-07
1695,Car_12,Логистика,2522,2025-05-07
1696,Car_10,Амортизация,822,2025-05-07
1697,Car_18,Налоги,62,2025-05-08
1698,Car_6,Налоги,62,2025-05-09
1699,Car_11,Аренда,3903,2025-05-09
1700,Car_18,Топливо,1722,2025-05-09
1701,Car_6,Амортизация,822,2025-05-10
1702,Car_15,Логистика,1350,2025-05-11
1703,Car_7,Топливо,2121,2025-05-11
1704,Car_6,Админ_расходы,1123,2025-05-11
1705,Car_11,Логистика,2228,2025-05-11
1706,Car_19,Админ_расходы,812,2025-05-12
1707,Car_15,Аренда,3037,2025-05-12
1708,Car_2,Логистика,2046,2025-05-13
1709,Car_9,Логистика,1737,2025-05-14
1710,Car_9,Топливо,1857,2025-05-14
1711,Car_10,Админ_расходы,591,2025-05-15
1712,Car_11,Амортизация,822,2025-05-15
1713,Car_20,Админ_расходы,1226,2025-05-16
1714,Car_14,Ремонт,68,2025-05-16
1715,Car_18,Амортизация,822,2025-05-16
1716,Car_19,Логистика,1979,2025-05-17
1717,Car_8,Админ_расходы,954,2025-05-18
1718,Car_19,Топливо,2576,2025-05-18
1719,Car_12,Аренда,2790,2025-05-18
1720,Car_8,Амортизация,822,2025-05-19
1721,Car_15,Амортизация,822,2025-05-19
1722,Car_12,Логистика,2762,2025-05-19
1723,Car_11,Аренда,2830,2025-05-20
1724,Car_9,Аренда,4419,2025-05-20
1725,Car_16,Логистика,2192,2025-05-20
1726,Car_19,Логистика,2451,2025-05-21
1727,Car_19,Топливо,1418,2025-05-21
1728,Car_9,Топливо,1863,2025-05-22
1729,Car_1,Топливо,2043,2025-05-23
1730,Car_13,Амортизация,822,2025-05-23
1731,Car_15,Логистика,1666,2025-05-23
1732,Car_8,Штрафы,4187,2025-05-24
1733,Car_16,Амортизация,822,2025-05-24
1734,Car_16,Налоги,62,2025-05-24
1735,Car_17,Админ_расходы,951,2025-05-25
1736,Car_11,Топливо,1335,2025-05-26
1737,Car_12,Админ_расходы,949,2025-05-26
1738,Car_14,Амортизация,822,2025-05-27
1739,Car_1,Аренда,3291,2025-05-27
1740,Car_10,Амортизация,822,2025-05-28
1741,Car_6,Амортизация,822,2025-05-28
1742,Car_12,Налоги,62,2025-05-28
1743,Car_20,Амортизация,822,2025-05-28
1744,Car_1,Логистика,1324,2025-05-29
1745,Car_5,Админ_расходы,571,2025-05-29
1746,Car_8,Логистика,2496,2025-05-29
1747,Car_15,Топливо,2546,2025-05-30
1748,Car_3,Амортизация,822,2025-05-31
1749,Car_18,Налоги,62,2025-06-01
1750,Car_17,Админ_расходы,716,2025-06-02
1751,Car_11,Топливо,2442,2025-06-02
1752,Car_7,Налоги,62,2025-06-03
1753,Car_15,Налоги,62,2025-06-04
1754,Car_5,Админ_расходы,651,2025-06-05
1755,Car_3,Топливо,2084,2025-06-05
1756,Car_9,Админ_расходы,1110,2025-06-05
1757,Car_16,Топливо,2379,2025-06-06
1758,Car_20,Топливо,2546,2025-06-06
1759,Car_19,Топливо,2390,2025-06-07
1760,Car_13,Логистика,1636,2025-06-07
1761,Car_12,Амортизация,822,2025-06-07
1762,Car_1,Логистика,1916,2025-06-08
1763,Car_4,Налоги,62,2025-06-08
1764,Car_12,Логистика,1330,2025-06-09
1765,Car_5,Админ_расходы,1025,2025-06-09
1766,Car_11,Логистика,2324,2025-06-10
1767,Car_18,Амортизация,822,2025-06-11
1768,Car_14,Топливо,2381,2025-06-12
1769,Car_5,Аренда,2888,2025-06-12
1770,Car_3,Налоги,62,2025-06-13
1771,Car_9,Амортизация,822,2025-06-14
1772,Car_18,Логистика,1688,2025-06-14
1773,Car_15,Админ_расходы,457,2025-06-15
1774,Car_15,Налоги,62,2025-06-15
1775,Car_4,Амортизация,822,2025-06-16
1776,Car_10,Аренда,3482,2025-06-16
1777,Car_1,Топливо,2179,2025-06-16
1778,Car_20,Админ_расходы,805,2025-06-17
1779,Car_19,Логистика,2335,2025-06-17
1780,Car_15,Ремонт,7,2025-06-17
1781,Car_1,Топливо,2022,2025-06-18
1782,Car_5,Амортизация,822,2025-06-18
1783,Car_18,Админ_расходы,763,2025-06-18
1784,Car_6,Админ_расходы,511,2025-06-18
1785,Car_10,Логистика,1878,2025-06-19
1786,Car_11,Админ_расходы,764,2025-06-19
1787,Car_20,Аренда,3641,2025-06-20
